{
  "spider": "./custom_spider.jar;md5;43989964965deab2a4b6b48251043412",
  "wallpaper": "https://bing.img.run/rand.php",
  "lives": [
    {
      "name": "feiyang.allinone",
      "type": 0,
      "url": "http://127.0.0.1:35457/tv.m3u",
      "ua": "okhttp/3.15",
      "epg": "http://epg.51zmt.top:8000/api/diyp/?ch={name}&date={date}",
      "logo": "https://epg.112114.xyz/logo/{name}.png"
    },
    {
      "name": "feiyang.bililive",
      "type": 0,
      "url": "http://127.0.0.1:35457/bililive.m3u",
      "ua": "okhttp/3.15",
      "epg": "http://epg.51zmt.top:8000/api/diyp/?ch={name}&date={date}",
      "logo": "https://epg.112114.xyz/logo/{name}.png"
    },
    {
      "name": "feiyang.huyayqk",
      "type": 0,
      "url": "http://127.0.0.1:35457/huyayqk.m3u",
      "ua": "okhttp/3.15",
      "epg": "http://epg.51zmt.top:8000/api/diyp/?ch={name}&date={date}",
      "logo": "https://epg.112114.xyz/logo/{name}.png"
    },
    {
      "name": "feiyang.douyuyqk",
      "type": 0,
      "url": "http://127.0.0.1:35457/douyuyqk.m3u",
      "ua": "okhttp/3.15",
      "epg": "http://epg.51zmt.top:8000/api/diyp/?ch={name}&date={date}",
      "logo": "https://epg.112114.xyz/logo/{name}.png"
    },
    {
      "name": "feiyang.yylunbo",
      "type": 0,
      "url": "http://127.0.0.1:35457/yylunbo.m3u",
      "ua": "okhttp/3.15",
      "epg": "http://epg.51zmt.top:8000/api/diyp/?ch={name}&date={date}",
      "logo": "https://epg.112114.xyz/logo/{name}.png"
    }
  ],
  "sites": [
    {
      "key": "Tg | 豆瓣",
      "name": "Tg | 豆瓣",
      "type": 3,
      "api": "csp_TgYunDouBanPan",
      "searchable": 1,
      "changeable": 0,
      "ext": {
        "siteUrl": "http://127.0.0.1:9999",
        "count": 4,
        "channelUsername": "+P4IU1QbK4ChlNTYx,+h10ulzfxiQZiYTdi,+cpJ_dIx_hlYxMWQx,+Jc37JCr1diEzNDMx,leoziyuan,ResourceUniverse,BaiduCloudDisk,SharePanBaidu,bdwpzhpd,bdwpzhpd,alyp_TV,ucquark,wp123zy,oneonefivewpfx,tyypzhpd,cloudtianyi,yunpanchat,ydypzyfx,yunpan139,guaguale115,Mbox115,shares_115,zaihuayun,PanjClub,NewQuark,yunpanpan,kuakeyun,Quark_Movies,qixingzhenren,alyp_4K_Movies,alyp_TV,yunpanshare,shareAliyun,Lsp115,alyp_1",
        "commonConfig": "./json/peizhi.json",
        "filter": "./json/douban.json"
      }
    },
    {
      "key": "ConfigCenter",
      "name": "配置中心",
      "type": 3,
      "api": "csp_ConfigCenter",
      "searchable": 0,
      "changeable": 0,
      "ext": {
        "commonConfig": "./json/peizhi.json"
      }
    },
    {
      "key": "Jpys",
      "name": "金牌影视",
      "type": 3,
      "api": "csp_Jpys",
      "searchable": 1,
      "quickSearch": 1,
      "filterable": 1,
      "changeable": 1,
      "ext": {
        "site": "https://www.ksnnhbj.com",
        "commonConfig": "./json/peizhi.json"
      }
    },
    {
      "key": "GuaZi",
      "name": "瓜子影视",
      "type": 3,
      "api": "csp_GuaZi",
      "searchable": 1,
      "changeable": 0,
      "ext": {
        "commonConfig": "./json/peizhi.json"
      }
    },
    {
      "key": "聚合短剧",
      "name": "聚合短剧",
      "type": 3,
      "api": "csp_JuheShortDrama",
      "searchable": 1,
      "filterable": 0,
      "switchable": 0,
      "ext": {
        "host": {
          "百度": "https://api.jkyai.top",
          "甜圈": "https://mov.cenguigui.cn",
          "锦鲤": "https://api.jinlidj.com",
          "番茄": "https://reading.snssdk.com",
          "番茄2": "https://fqgo.52dns.cc",
          "星芽": "https://app.whjzjx.cn",
          "星芽登录": "https://u.shytkjgs.com",
          "西饭": "https://xifan-api-cn.youlishipin.com",
          "七猫": "https://api-store.qmplaylet.com",
          "七猫详情": "https://api-read.qmplaylet.com",
          "围观": "https://api.drama.9ddm.com",
          "碎片": "https://free-api.bighotwind.cc",
          "碎片图片": "https://speed.hiknz.com"
        },
        "commonConfig": "./json/peizhi.json"
      }
    },
    {
      "key": "Ikanbot",
      "name": "爱看机器人",
      "type": 3,
      "api": "csp_Ikanbot",
      "searchable": 1,
      "changeable": 0,
      "ext": {
        "commonConfig": "./json/peizhi.json"
      }
    },
    {
      "key": "FourKZN",
      "name": "网盘 | 4k指南",
      "type": 3,
      "api": "csp_FourKZN",
      "searchable": 1,
      "changeable": 0,
      "ext": {
        "commonConfig": "./json/peizhi.json"
      }
    },
    {
      "key": "观影",
      "name": "网盘 | 观影",
      "type": 3,
      "api": "csp_GuanYing",
      "searchable": 1,
      "changeable": 0,
      "ext": {
        "commonConfig": "./json/peizhi.json",
        "siteUrl": "https://www.gyg.la/",
        "username": "",
        "password": ""
      }
    },
    {
      "key": "网盘集合",
      "name": "网盘集合 | 4K",
      "type": 3,
      "api": "csp_网盘集合",
      "searchable": 1,
      "filterable": 0,
      "switchable": 0,
      "ext": {
        "commonConfig": "./json/peizhi.json",
        "share": "./json/网盘集合.json"
      }
    },
    {
      "key": "网盘 | 片库",
      "name": "网盘 | 片库",
      "type": 3,
      "api": "csp_Qiwei",
      "searchable": 1,
      "filterable": 0,
      "switchable": 0,
      "ext": {
        "siteUrl": "https://www.qwnull.com",
        "commonConfig": "./json/peizhi.json"
      }
    },
    {
      "key": "pansou | fish",
      "name": "pansou | fish",
      "type": 3,
      "api": "csp_PanSouFish",
      "searchable": 1,
      "changeable": 0,
      "ext": {
        "siteUrl": "https://pansou-latest-hv4k.onrender.com",
        "filter": {
          "include": ["HDR","高码"],
          "exclude": ["预告", "花絮"]
        },
        "commonConfig": "./json/peizhi.json"
      }
    },
    {
      "key": "Emby",
      "name": "Emby",
      "type": 3,
      "api": "csp_Emby",
      "searchable": 1,
      "quickSearch": 1,
      "filterable": 1,
      "ext": {
        //        "server": "https://emby.feiniu.lol:443",
        //emby需要梯子的，配置代理头
        "server": "http://127.0.0.1:9966/api/proxy/https://lite.cn2gias.uk:443",
        "username": "23",
        "password": "23",
        "ua": "Yamby/1.0.2(Android)",
        "client": "Yamby",
        "clientVersion": "0.2.3",
        "deviceName": "oppo find x9 pro",
        "commonConfig": "./json/peizhi.json"
      },
      "changeable": 1
    },
    {
      "key": "肥牛",
      "name": "Emby肥牛",
      "type": 3,
      "api": "csp_Emby",
      "searchable": 1,
      "quickSearch": 1,
      "filterable": 1,
      "ext": {
        //        "server": "https://emby.feiniu.lol:443",
        //emby需要梯子的配置
        "server": "http://127.0.0.1:9966/api/proxy/https://emby.feiniu.lol:443",
        "username": "23",
        "password": "123",
        "ua": "",
        "client": "Yamby",
        "deviceName": "Yamby",
        "commonConfig": "./json/peizhi.json"
      },
      "changeable": 1
    },
    {
      "key": "游戏 | 直播",
      "name": "游戏 | 直播",
      "type": 3,
      "api": "csp_Living",
      "searchable": 1,
      "changeable": 0,
      "ext": {
        "siteUrl": "https://bt.muxia.fun/api",
        "commonConfig": "./json/peizhi.json"
      }
    },
    //    {
    //      "key": "玩偶 | 清影",
    //      "name": "玩偶 | 清影",
    //      "type": 3,
    //      "api": "csp_kongbai",
    //      "searchable": 1,
    //      "changeable": 0,
    //      "ext": {
    //        "commonConfig": "./json/peizhi.json",
    //        "siteUrl": "https://revohd.com/",
    //        "filter": "./json/wogg.json"
    //      }
    //    },
    {
      "key": "玩偶 | 木偶",
      "name": "玩偶 | 木偶",
      "type": 3,
      "api": "csp_kongbai",
      "searchable": 1,
      "changeable": 0,
      "ext": {
        "commonConfig": "./json/peizhi.json",
        "siteUrl": "https://www.muou.site/",
        "filter": "./json/wogg.json"
      }
    },
    {
      "key": "玩偶 | 闪电uc",
      "name": "玩偶 | 闪电uc",
      "type": 3,
      "api": "csp_kongbai",
      "searchable": 1,
      "changeable": 0,
      "ext": {
        "commonConfig": "./json/peizhi.json",
        "siteUrl": "http://1.95.79.193/",
        "filter": "./json/wogg.json"
      }
    },
    {
      "key": "玩偶 | 二小",
      "name": "玩偶 | 二小",
      "type": 3,
      "api": "csp_kongbai",
      "searchable": 1,
      "changeable": 0,
      "ext": {
        "commonConfig": "./json/peizhi.json",
        "siteUrl": "https://wexwp.cc/",
        "filter": "./json/wogg.json"
      }
    },
    {
      "key": "玩偶 | 小米",
      "name": "玩偶 | 小米",
      "type": 3,
      "api": "csp_kongbai",
      "searchable": 1,
      "changeable": 0,
      "ext": {
        "commonConfig": "./json/peizhi.json",
        "siteUrl": "https://www.milvdou.fun/",
        "filter": "./json/wogg.json"
      }
    },
    {
      "key": "玩偶 | 多多",
      "name": "玩偶 | 多多",
      "type": 3,
      "api": "csp_kongbai",
      "searchable": 1,
      "changeable": 0,
      "ext": {
        "commonConfig": "./json/peizhi.json",
        "siteUrl": "http://tv.yydsys.top/",
        "filter": "./json/wogg.json"
      }
    },
    {
      "key": "玩偶 | 蜡笔",
      "name": "玩偶 | 蜡笔",
      "type": 3,
      "api": "csp_kongbai",
      "searchable": 1,
      "changeable": 0,
      "ext": {
        "commonConfig": "./json/peizhi.json",
        "siteUrl": "http://www.labi88.sbs/",
        "filter": "./json/wogg.json"
      }
    },
    {
      "key": "玩偶 | 讴歌",
      "name": "玩偶 | 讴歌",
      "type": 3,
      "api": "csp_kongbai",
      "searchable": 1,
      "changeable": 0,
      "ext": {
        "commonConfig": "./json/peizhi.json",
        "siteUrl": "https://woog.nxog.eu.org/",
        "filter": "./json/wogg.json"
      }
    },
    {
      "key": "玩偶gg",
      "name": "玩偶 | 饭",
      "type": 3,
      "api": "csp_Wogg",
      "searchable": 1,
      "changeable": 0,
      "ext": {
        "commonConfig": "./json/peizhi.json",
        "siteUrl": "http://woggpan.wogg.lol/",
        "filter": "./json/wogg.json"
      }
    },
    {
      "key": "玩偶虎斑",
      "name": "玩偶 | 虎斑",
      "type": 3,
      "api": "csp_kongbai",
      "searchable": 1,
      "changeable": 0,
      "ext": {
        "commonConfig": "./json/peizhi.json",
        "siteUrl": "http://103.45.162.207:20720/",
        "filter": "./json/wogg.json"
      }
    },
    {
      "key": "玩偶虎斑2",
      "name": "玩偶 | 虎斑2",
      "type": 3,
      "api": "csp_kongbai",
      "searchable": 1,
      "changeable": 0,
      "ext": {
        "commonConfig": "./json/peizhi.json",
        "siteUrl": "http://xsayang.fun:12512",
        "filter": "./json/wogg.json"
      }
    },
    {
      "key": "星剧社",
      "name": "网盘 | 星剧社",
      "type": 3,
      "api": "csp_Star2",
      "searchable": 1,
      "filterable": 0,
      "switchable": 0,
      "ext": {
        "siteUrl": "https://1.star2.cn/",
        "commonConfig": "./json/peizhi.json"
      }
    },
    {
      "key": "Youtube",
      "name": "Youtube",
      "type": 3,
      "api": "csp_Youtube",
      "searchable": 1,
      "changeable": 1,
      "style": {
        "type": "rect",
        "ratio": 1.433
      },
      "ext": {
        "commonConfig": "./json/peizhi.json",
        "json": "./json/youtube.json"
      }
    },
    {
      "key": "盤搜天意",
      "name": "网盘 | 盤搜天意",
      "type": 3,
      "api": "csp_PanSou",
      "searchable": 1,
      "filterable": 0,
      "switchable": 0,
      "ext": {
        "siteUrl": "https://www.tianyiso.com",
        "commonConfig": "./json/peizhi.json"
      }
    },
    {
      "key": "賤賤",
      "name": "賤賤",
      "type": 3,
      "api": "csp_Jianpian",
      "searchable": 1,
      "changeable": 1,
      "ext": "./json/jianpian.json"
    },
    {
      "key": "lf_live10_min",
      "name": "路飞丨Live",
      "type": 3,
      "searchable": 0,
      "quickSearch": 1,
      "filterable": 1,
      "changeable": 1,
      "api": "./lib/lf_live10_min-output.js",
      "ext": "./json/lf_live.json"
    },
    {
      "key": "哔哩FM",
      "name": "哔哩",
      "type": 3,
      "api": "csp_Bili",
      "searchable": 1,
      "changeable": 0,
      "style": {
        "type": "rect",
        "ratio": 1.433
      },
      "ext": {
        "json": "./json/bilibili.json",
        "commonConfig": "./json/peizhi.json",
        "cookie": ""
      }
    },
    {
      "key": "TgYunPan|本地",
      "name": "TgYunPan | 本地",
      "type": 3,
      "api": "csp_TgYunPanLocal",
      "searchable": 1,
      "filterable": 0,
      "switchable": 0,
      "ext": {
        "count": 4,
        "channelUsername": "leoziyuan,ResourceUniverse,BaiduCloudDisk,SharePanBaidu,bdwpzhpd,bdwpzhpd,alyp_TV,ucquark,wp123zy,oneonefivewpfx,tyypzhpd,cloudtianyi,yunpanchat,ydypzyfx,yunpan139,guaguale115,Mbox115,shares_115,zaihuayun,PanjClub,NewQuark,yunpanpan,kuakeyun,Quark_Movies,qixingzhenren,alyp_4K_Movies,alyp_TV,yunpanshare,shareAliyun,Lsp115,alyp_1",
        "commonConfig": "./json/peizhi.json"
      }
    },
    {
      "key": "盘Ta",
      "name": "网盘 | 盘Ta",
      "type": 3,
      "api": "csp_PanTa",
      "searchable": 1,
      "filterable": 0,
      "switchable": 0,
      "ext": {
        "siteUrl": "https://www.91panta.cn/",
        "commonConfig": "./json/peizhi.json"
      }
    },
    {
      "key": "小雷",
      "name": "网盘 | 小雷",
      "type": 3,
      "api": "csp_PanTa",
      "searchable": 1,
      "filterable": 0,
      "switchable": 0,
      "ext": {
        "siteUrl": "https://www.leijing1.com/",
        "cookie": "JSESSIONID=B24E6992236274BD6A636FE8EAA2FDA; cms_token=25968d70e1c64c3fa475c5bb15946443; cms_accessToken=8c67340ebecb46b88f9c85492bfe1cf1; cms_refreshToken=0af0ab743ae243be99b29c2af5b449a",
        "commonConfig": "./json/peizhi.json"
      }
    },
    {
      "key": "易搜",
      "name": "易搜 | 4K",
      "type": 3,
      "api": "csp_YiSo",
      "searchable": 1,
      "filterable": 0,
      "switchable": 0,
      "ext": {
        "cookie": "",
        "commonConfig": "./json/peizhi.json"
      }
    },
    {
      "key": "盤搜索",
      "name": "网盘 | 盤搜索",
      "type": 3,
      "api": "csp_PanSearch",
      "searchable": 1,
      "changeable": 0,
      "ext": {
        "commonConfig": "./json/peizhi.json"
      }
    },
    {
      "key": "紙條搜",
      "name": "网盘 | 紙條搜",
      "type": 3,
      "api": "csp_XiaoZhiTiao",
      "searchable": 1,
      "changeable": 0,
      "ext": {
        "commonConfig": "./json/peizhi.json"
      }
    },
    {
      "key": "AList",
      "name": "AList",
      "type": 3,
      "api": "csp_AList",
      "searchable": 1,
      "changeable": 0,
      "ext": "./json/alist.json"
    },
    {
      "key": "push_agent",
      "name": "推送",
      "type": 3,
      "api": "csp_Push",
      "searchable": 1,
      "filterable": 0,
      "switchable": 0,
      "ext": {
        "commonConfig": "./json/peizhi.json"
      }
    },
    {
      "key": "360资源",
      "name": "360资源-采集",
      "type": 1,
      "api": "https://360zy.com/api.php/seaxml/vod/",
      "searchable": 1,
      "changeable": 1,
      "categories": [
        "国产动漫",
        "日韩动漫",
        "国产剧",
        "韩国剧",
        "日本剧",
        "电影片",
        "连续剧",
        "综艺片",
        "动漫片",
        "动作片",
        "喜剧片",
        "爱情片",
        "科幻片",
        "恐怖片",
        "剧情片",
        "战争片",
        "香港剧",
        "欧美剧",
        "记录片",
        "台湾剧",
        "海外剧",
        "泰国剧",
        "大陆综艺",
        "港台综艺",
        "日韩综艺",
        "欧美综艺",
        "欧美动漫",
        "港台动漫",
        "海外动漫"
      ]
    },
    {
      "key": "非凡",
      "name": "非凡",
      "type": 1,
      "api": "http://cj.ffzyapi.com/api.php/provide/vod/",
      "searchable": 1,
      "changeable": 1,
      "categories": [
        "国产动漫",
        "日韩动漫",
        "国产剧",
        "韩国剧",
        "日本剧",
        "电影片",
        "连续剧",
        "综艺片",
        "动漫片",
        "动作片",
        "喜剧片",
        "爱情片",
        "科幻片",
        "恐怖片",
        "剧情片",
        "战争片",
        "香港剧",
        "欧美剧",
        "记录片",
        "台湾剧",
        "海外剧",
        "泰国剧",
        "大陆综艺",
        "港台综艺",
        "日韩综艺",
        "欧美综艺",
        "欧美动漫",
        "港台动漫",
        "海外动漫"
      ]
    },
    {
      "key": "豆瓣采集资源",
      "name": "豆瓣 | 采集",
      "type": 1,
      "api": "https://caiji.dbzy.tv/api.php/provide/vod/from/dbm3u8/at/josn/",
      "playerType": 1,
      "searchable": 1,
      "changeable": 1
    },
    {
      "key": "量子",
      "name": "量子",
      "type": 1,
      "api": "https://cj.lziapi.com/api.php/provide/vod/",
      "searchable": 1,
      "changeable": 1,
      "categories": [
        "国产动漫",
        "日韩动漫",
        "国产剧",
        "韩国剧",
        "日本剧",
        "电影片",
        "连续剧",
        "综艺片",
        "动漫片",
        "动作片",
        "喜剧片",
        "爱情片",
        "科幻片",
        "恐怖片",
        "剧情片",
        "战争片",
        "台湾剧",
        "香港剧",
        "欧美剧",
        "记录片",
        "海外剧",
        "泰国剧",
        "大陆综艺",
        "港台综艺",
        "日韩综艺",
        "欧美综艺",
        "欧美动漫",
        "港台动漫",
        "海外动漫",
        "体育",
        "足球",
        "篮球",
        "网球",
        "斯诺克"
      ]
    }
  ],
  "rules": [
    {
      "name": "proxy",
      "hosts": [
        "raw.githubusercontent.com",
        "googlevideo.com",
        "cdn.v82u1l.com",
        "cdn.iz8qkg.com",
        "cdn.kin6c1.com",
        "stream-link.org",
        "hinet.net",
        "koyeb.app",
        "c.biggggg.com",
        "c.olddddd.com",
        "haiwaikan.com",
        "www.histar.tv",
        "youtube.com",
        "uhibo.com",
        ".*boku.*",
        ".*nivod.*",
        "*.t4tv.hz.cz",
        ".*ulivetv.*"
      ]
    }
  ]
}
